Rank, ,Player,Position,Draft Age,Height,Wingspan,Weight,GP,MPG,PTS/G,AST/G,TOV/G,STL/G,BLK/G,ORB/G,DRB/G,TRB/G,PF/G,2P%,3P%,FT%,eFG%,TS%,USG%,AST%,TOV%,STL%,BLK%,ORB%,DRB%,TRB%,ORtg,DRtg,OWS,DWS,WS,OBPM,DBPM,BPM
1,"<img src=""https://a.espncdn.com/combiner/i?img=/i/headshots/mens-college-basketball/players/full/4433255.png"" height=""40""></img>",Chet Holmgren,Forward,20.1,84,"7'6""",195,13,25.2,13,2.3,2.1,0.3,3.3,2,6.4,8.4,2,50,13,30,67.5,68.5,22.2,15.3,17.9,0.7,13,9.7,24.9,18.1,126.2,79.1,1.3,1.2,2.5,7.5,6.8,14.3
2,"<img src=""https://a.espncdn.com/combiner/i?img=/i/headshots/mens-college-basketball/players/full/4432573.png"" height=""40""></img>",Paolo Banchero,Forward,19.6,82,"7'0 1/2 """,250,12,28.4,17.1,2.2,2.2,1.4,0.7,1.3,6,7.3,1.9,61,12,47,52.7,57.9,29.2,13.3,12.8,2.8,2.3,5.4,22.3,14.2,114.1,87.5,1.1,0.9,2.1,4.5,2.3,6.9
3,"<img src=""https://a.espncdn.com/combiner/i?img=/i/headshots/mens-college-basketball/players/full/4432639.png"" height=""40""></img>",Jabari Smith,Forward,19.1,82,"7'0""",220,13,27.2,16.2,2.2,1.7,1.7,0.9,0.7,6.2,6.9,1.8,40,30,40,54.1,58.4,27.3,16.1,10.9,3.5,3.8,2.7,24.2,13.6,117.8,82.9,1.2,1.1,2.4,7.8,5.3,13.1
4,"<img src=""https://a.espncdn.com/combiner/i?img=/i/headshots/mens-college-basketball/players/full/4433218.png&w=350&h=254"" height=""40""></img>",Jaden Ivey,Combo Guard,20.4,76,"6'10""",195,13,28.2,16.7,3.2,2.4,1.3,0.5,0.4,4.7,5.1,1.8,47,28,39,62.7,64.9,26.8,20.5,15.6,2.7,2.3,1.8,17.6,10.6,124.8,93.6,1.6,0.8,2.4,7,3.3,10.3
5,"<img src=""https://ak-static.cms.nba.com/wp-content/uploads/headshots/gleague/1040x760/1630702.png"" height=""40""></img>",Jaden Hardy,Wing,20,76,"6'8 1/2 """,198,NA,NA,NA,NA,NA,NA,NA,NA,NA,NA,NA,NA,NA,NA,NA,NA,NA,NA,NA,NA,NA,NA,NA,NA,NA,NA,NA,NA,NA,NA,NA,NA
6,"<img src=""https://a.espncdn.com/combiner/i?img=/i/headshots/mens-college-basketball/players/full/4433621.png"" height=""40""></img>",Jalen Duren,Big,18.6,83,"7'5 1/4 """,250,11,24.5,11.1,1.2,2.2,0.8,2.6,2.5,5,7.5,2.8,50,0,22,67.60000000000001,66.3,19.8,9.7,20.7,1.8,12.1,12,21.3,17,115.4,89.6,0.7,0.7,1.3,3.3,4.2,7.5
7,"<img src=""https://a.espncdn.com/combiner/i?img=/i/headshots/mens-college-basketball/players/full/4433246.png"" height=""40""></img>",Patrick Baldwin Jr.,Wing,19.6,81,"6'11""",220,7,30.1,15,1.9,2,0.9,0.9,1,6,7,1.6,20,15,20,44.7,48.9,29.8,14.6,11.5,1.6,2.9,3.7,19.3,12,96.6,97.9,0.2,0.4,0.6,2.6,-0.4,2.3
8,"<img src=""https://a.espncdn.com/combiner/i?img=/i/headshots/mens-college-basketball/players/full/4433254.png"" height=""40""></img>",Kendall Brown,Wing,19.1,80,"6'11""",205,13,24.2,12.3,1.5,1.3,1.2,0.4,1.5,2.4,3.9,2,62,5,21,71.6,71.89999999999999,19.2,10.9,13.3,2.7,1.8,7.2,11,9.1,134.8,84.5,1.3,0.9,2.2,6.6,4.4,11
9,"<img src=""https://a.espncdn.com/combiner/i?img=/i/headshots/mens-college-basketball/players/full/4683634.png&w=350&h=254"" height=""40""></img>",Bennedict Mathurin,Wing,20,78,"6'10""",210,12,31.3,18.3,2.1,2.1,1.1,0.3,2.2,4.4,6.6,1.7,48,28,39,58.4,61.8,24.4,11,12.4,1.8,1.1,8,13.5,11,122.6,87.6,1.4,1,2.4,7.5,2.8,10.3
10,"<img src=""https://a.espncdn.com/combiner/i?img=/i/headshots/mens-college-basketball/players/full/4683749.png"" height=""40""></img>",TyTy Washington,Combo Guard,20.6,75,"6'9""",197,13,30.5,14,3.9,1.6,1.1,0.2,0.9,3.2,4.2,1.5,56,19,13,56.3,57.699999999999996,21,20.3,11.8,2,0.8,3.5,11.1,7.5,125.5,89.7,1.4,1,2.4,4.7,3.4,8.1
11,"<img src=""https://bloximages.newyork1.vip.townnews.com/kmaland.com/content/tncms/assets/v3/editorial/9/9e/99eaa014-4bec-11ec-b405-7b1f0aa0c765/619c28e50acad.image.png"" height=""40""></img>",Keegan Murray,Forward,21.8,80,"6'11 3/4 """,225,12,28.2,23.7,1.4,1.1,1.6,2,3,5.2,8.2,1.5,92,16,52,62.7,66.10000000000001,32.1,11,5.7,3.1,7.7,11.8,19.9,15.9,138.3,91.1,2.4,0.8,3.2,13.9,2.2,16.2
12,"<img src=""https://id-prospects.com/wp-content/uploads/2020/09/pixlr-bg-result-78-e1600304996499.png"" height=""40""></img>",Jean Montero,Lead Guard,19,74.25,"6'4 1/2 """,172,NA,NA,NA,NA,NA,NA,NA,NA,NA,NA,NA,NA,NA,NA,NA,NA,NA,NA,NA,NA,NA,NA,NA,NA,NA,NA,NA,NA,NA,NA,NA,NA
13,"<img src=""https://a.espncdn.com/combiner/i?img=/i/headshots/mens-college-basketball/players/full/4433623.png"" height=""40""></img>",Caleb Houstan,Wing,19.5,80,NA,205,12,31.3,9.3,1.4,2.1,0.7,0.3,0.7,3.6,4.3,1.9,17,19,21,46.9,51.2,18.1,7.7,18.6,1.2,1.1,2.6,12.1,7.7,97,99.6,0.2,0.6,0.8,0.2,1.2,1.4
14,"<img src=""https://a.espncdn.com/combiner/i?img=/i/headshots/mens-college-basketball/players/full/4432646.png&w=350&h=254"" height=""40""></img>",Kennedy Chandler,Lead Guard,19.8,72,"6'5""",171,11,29.8,14,5.3,2.2,2,0.5,0.6,2.4,3,1.6,44,16,18,50.4,52.6,25.1,32.6,14.1,3.8,1.9,2.3,9.1,5.5,110.7,87.4,0.9,0.9,1.8,4.6,4.4,8.9
15,"<img src=""https://id-prospects.com/wp-content/uploads/2021/04/Jovic.png"" height=""40""></img>",Nikola Jovic,Wing,19,82,"7'2 1/4 """,209,NA,NA,NA,NA,NA,NA,NA,NA,NA,NA,NA,NA,NA,NA,NA,NA,NA,NA,NA,NA,NA,NA,NA,NA,NA,NA,NA,NA,NA,NA,NA,NA
16,"<img src=""https://snworksceo.imgix.net/dtc/bbd77980-f810-43fd-91dd-62db18c287b7.sized-1000x1000.jpeg?w=1000&ar=4%3A3&fit=crop&crop=faces&facepad=3&auto=format&dpr=1.5"" height=""40""></img>",AJ Griffin,Wing,18.8,78,"7'0""",222,12,14,6.7,0.9,0.3,0.5,0.6,0.8,1.7,2.5,0.7,17,13,7,66.4,68.60000000000001,17.9,10.8,4.9,2,4.2,6.8,12.6,9.8,144.1,92.3,0.8,0.4,1.1,8.3,2.4,10.7
17,"<img src=""https://a.espncdn.com/combiner/i?img=/i/headshots/mens-college-basketball/players/full/4576085.png"" height=""40""></img>",JD Davison,Combo Guard,19.7,75,"6'4 1/2 """,195,13,23.9,8.4,4.4,3.2,0.8,0.2,1.4,3.6,5,0.8,28,8,29,56.3,60.199999999999996,19.6,29.1,31.2,1.7,1,6.4,15.2,11,107.1,101.2,0.6,0.4,1,4.1,2.4,6.5
18,"<img src=""https://ak-static.cms.nba.com/wp-content/uploads/headshots/gleague/1040x760/1630700.png"" height=""40""></img>",Dyson Daniels,Combo Guard,19.3,78,"6'8 3/4 """,199,NA,NA,NA,NA,NA,NA,NA,NA,NA,NA,NA,NA,NA,NA,NA,NA,NA,NA,NA,NA,NA,NA,NA,NA,NA,NA,NA,NA,NA,NA,NA,NA
19,"<img src=""https://a.espncdn.com/combiner/i?img=/i/headshots/mens-college-basketball/players/full/4432356.png"" height=""40""></img>",Jonathan Davis,Combo Guard,20.3,77,NA,196,10,33.8,20.8,2.5,1.9,1.5,0.7,1.5,5.1,6.6,1.5,60,14,46,47.9,53.300000000000004,32.7,19.2,8.9,2.7,2.3,4.7,17.2,10.7,111.4,92.8,1.1,0.7,1.9,8.4,3.4,11.8
20,"<img src=""https://a.espncdn.com/combiner/i?img=/i/headshots/mens-college-basketball/players/full/4432645.png&w=350&h=254"" height=""40""></img>",Trevor Keels,Combo Guard,18.8,76,"6'5""",221,12,30.8,12.7,2.9,1.3,1.9,0,0.7,2.7,3.3,1.3,35,19,25,49.2,51.9,21.5,14.8,9.3,3.5,0,2.5,9.2,6,111.1,92.9,0.8,0.8,1.6,2.4,2.5,4.9
21,"<img src=""https://www.euroleague.net/rs/bdkb5obnjr88p4u3/c4974b14-d249-46d4-9092-0e470e8d733d/1d0/filename/c49.jpg"" height=""40""></img>",Ousmane Dieng,Wing,19.1,82,"7'1""",200,NA,NA,NA,NA,NA,NA,NA,NA,NA,NA,NA,NA,NA,NA,NA,NA,NA,NA,NA,NA,NA,NA,NA,NA,NA,NA,NA,NA,NA,NA,NA,NA
22,"<img src=""https://id-prospects.com/wp-content/uploads/2020/09/pixlr-bg-result-79-e1600305650293.png"" height=""40""></img>",Yannick Nzosa,Big,18.6,84,"7'4""",215,NA,NA,NA,NA,NA,NA,NA,NA,NA,NA,NA,NA,NA,NA,NA,NA,NA,NA,NA,NA,NA,NA,NA,NA,NA,NA,NA,NA,NA,NA,NA,NA
23,"<img src=""https://a.espncdn.com/i/headshots/mens-college-basketball/players/full/4432247.png"" height=""40""></img>",Peyton Watson,Wing,19.8,80,"7'0""",200,9,13.8,3.9,0.9,1.1,0.7,0.6,1.1,2.9,4,1.9,13,1,6,30.9,34.4,23.5,10.2,16.4,2.8,4.6,8.6,24.5,16.2,80,87.5,-0.1,0.3,0.2,-5.2,2.7,-2.6
24,"<img src=""https://a.espncdn.com/combiner/i?img=/i/headshots/mens-college-basketball/players/full/4576086.png"" height=""40""></img>",Bryce McGowens,Wing,19.6,79,"6'9""",179,13,33.2,15.6,1.6,1.8,0.7,0.5,0.8,5.2,5.9,2.5,48,15,62,45.2,52.7,24.6,9.9,11.1,1.1,1.8,2.5,15.5,9.2,103.5,101.7,0.7,0.6,1.3,1.1,-0.5,0.6
25,"<img src=""https://a.espncdn.com/i/headshots/mens-college-basketball/players/full/4701232.png"" height=""40""></img>",Mark Williams,Big,20.5,84,"7'7""",242,12,19.1,8.4,1.1,0.4,0.8,2.9,2.4,3.3,5.7,2.1,44,0,13,67.7,67.80000000000001,17,9.5,6.3,2.2,15.3,14.5,18,16.3,145.7,82.9,1.1,0.7,1.8,6.9,6.2,13.1
26,"<img src=""https://a.espncdn.com/combiner/i?img=/i/headshots/mens-college-basketball/players/full/4592187.png"" height=""40""></img>",Wendell Moore,Wing,20.9,77.25,"6'11 1/2 """,213,12,31.5,17,5,1.8,1.4,0.1,1.1,4.4,5.5,1.3,59,19,29,65.8,67.10000000000001,22.4,27.3,12.1,2.5,0.3,3.9,14.8,9.6,134,92.6,1.9,0.8,2.7,9.2,3,12.2
27,"<img src=""https://ak-static.cms.nba.com/wp-content/uploads/headshots/gleague/1040x760/1630699.png"" height=""40""></img>",MarJon Beauchamp,Wing,21.7,78,"7'0""",199,NA,NA,NA,NA,NA,NA,NA,NA,NA,NA,NA,NA,NA,NA,NA,NA,NA,NA,NA,NA,NA,NA,NA,NA,NA,NA,NA,NA,NA,NA,NA,NA
28,"<img src=""https://a.espncdn.com/combiner/i?img=/i/headshots/mens-college-basketball/players/full/4433618.png"" height=""40""></img>",Harrison Ingram,Forward,19.6,80,"7'0""",230,12,29.9,12.2,3.1,1.8,0.9,0.3,2.3,4.6,6.9,1.8,37,13,33,47.099999999999994,52,22.6,21.1,13.5,1.8,1,9.3,18.7,14,114,102,1,0.5,1.4,4.9,1,6
29,"<img src=""https://a.espncdn.com/combiner/i?img=/i/headshots/mens-college-basketball/players/full/4432582.png&w=350&h=254"" height=""40""></img>",Max Christie,Wing,19.4,78.25,"6'9""",190,12,29.9,9.4,1.6,1.3,0.5,0.7,0.8,2.5,3.3,1.1,22,16,21,44.2,48.4,18.3,9.2,12,1,2.3,3,8.6,6,101.9,99.7,0.4,0.6,0.9,1.1,1.9,3.1
30,"<img src=""https://a.espncdn.com/combiner/i?img=/i/headshots/mens-college-basketball/players/full/4397018.png"" height=""40""></img>",Ochai Agbaji,Wing,22.2,77.5,"6'10""",214.4,12,33.6,20.6,1.6,1.2,1.1,0.3,1.1,3.6,4.7,1.1,60,34,25,63.800000000000004,64.8,24.5,8.4,6.8,1.8,0.9,4,13.1,8.5,131.8,97.1,1.8,0.7,2.5,9.5,1.2,10.7
31,"<img src=""https://a.espncdn.com/combiner/i?img=/i/headshots/mens-college-basketball/players/full/4432848.png&w=350&h=254"" height=""40""></img>",Jaime Jaquez,Wing,21.3,79,"6'9 1/4 """,225,9,29.1,14.8,2.4,1.6,1.2,0.4,2.1,4.3,6.4,1.6,41,9,24,50.5,53.2,25.4,15.1,10.1,2.4,1.7,7.7,17.4,12.3,115.5,92.7,0.8,0.6,1.4,6,3.1,9.2
32,"<img src=""https://id-prospects.com/wp-content/uploads/2020/09/2940.png"" height=""40""></img>",Roko Prkacin,Forward,19.6,81.25,"6'11""",225.4,NA,NA,NA,NA,NA,NA,NA,NA,NA,NA,NA,NA,NA,NA,NA,NA,NA,NA,NA,NA,NA,NA,NA,NA,NA,NA,NA,NA,NA,NA,NA,NA
33,"<img src=""https://a.espncdn.com/combiner/i?img=/i/headshots/mens-college-basketball/players/full/4432446.png"" height=""40""></img>",Jabari Walker,Forward,19.9,81,"7'0""",215,12,26.8,13.3,1.3,2.1,0.8,0.7,2.3,5.8,8.1,2,42,9,49,47.8,54.1,27.8,10.4,14.5,1.7,3,10.2,24.8,17.7,108.6,92.4,0.8,0.7,1.5,3.5,0.8,4.4
34,"<img src=""https://a.espncdn.com/combiner/i?img=/i/headshots/mens-college-basketball/players/full/4592479.png"" height=""40""></img>",Julian Champagnie,Wing,21,79.5,"6'10""",217.4,10,32.9,20.3,2.1,1.4,2.1,1.5,1.5,5.2,6.7,1.1,46,29,24,55.900000000000006,57.9,26.7,12,7.4,3.4,5,5.2,16.7,11.2,118.5,91.8,1.1,0.8,1.9,7,1,8
35,"<img src=""https://a.espncdn.com/combiner/i?img=/i/headshots/mens-college-basketball/players/full/4431778.png&w=350&h=254"" height=""40""></img>",Christian Koloko,Big,22,85,"7'5""",230,12,23.4,12.8,1.2,1.3,1.2,3.3,2.3,4.7,6.9,3,60,0,34,62.5,65.3,21.4,8.4,11.3,2.6,14.5,11,19.1,15.4,130.2,75.5,1.1,1.1,2.2,5.2,7.8,13.1
36,"<img src=""https://id-prospects.com/wp-content/uploads/2020/11/Ismael-Kamagate.png"" height=""40""></img>",Ismael Kamagate,Big,21.4,83,"7'2 3/4 """,227,NA,NA,NA,NA,NA,NA,NA,NA,NA,NA,NA,NA,NA,NA,NA,NA,NA,NA,NA,NA,NA,NA,NA,NA,NA,NA,NA,NA,NA,NA,NA,NA
37,"<img src=""https://a.espncdn.com/combiner/i?img=/i/headshots/mens-college-basketball/players/full/4432821.png"" height=""40""></img>",E.J. Liddell,Forward,21.5,79,"6'11 3/4 """,242.8,10,29.4,20.6,2.7,3.2,0.6,3,2.5,4.7,7.2,2.6,58,12,54,60.8,64.1,34.5,21.1,16.6,1.2,10.5,11.2,16.7,14.3,120,95.3,1.5,0.6,2.1,9.6,4.7,14.3
38,"<img src=""https://a.espncdn.com/i/headshots/nbadraft/players/full/105503.png"" height=""40""></img>",Hugo Besson,Combo Guard,21.2,76,NA,196,NA,NA,NA,NA,NA,NA,NA,NA,NA,NA,NA,NA,NA,NA,NA,NA,NA,NA,NA,NA,NA,NA,NA,NA,NA,NA,NA,NA,NA,NA,NA,NA
39,"<img src=""https://a.espncdn.com/combiner/i?img=/i/headshots/mens-college-basketball/players/full/4611412.png&w=350&h=254"" height=""40""></img>",Daimion Collins,Forward,19.7,81,"7'4 3/4 """,190,13,11.4,4.5,0.3,0.9,0.4,1.3,1.2,2,3.2,1.8,26,0,7,65,66.60000000000001,17.7,4.2,21.3,1.9,11.5,11.8,18.3,15.2,116.6,79.5,0.3,0.5,0.9,-0.6,5.6,5
40,"<img src=""https://a.espncdn.com/combiner/i?img=/i/headshots/mens-college-basketball/players/full/4433249.png"" height=""40""></img>",Moussa Diabate,Forward,20.4,82.8,"7'1""",209,11,19.9,8.1,0.7,1.4,0.3,0.9,2.3,3.5,5.7,1.8,33,2,17,60,59.599999999999994,20.7,7,16.7,0.8,4.7,13.9,18.3,16.3,114,95.7,0.5,0.4,1,3.7,1.7,5.4
41,"<img src=""https://ak-static.cms.nba.com/wp-content/uploads/headshots/gleague/1040x760/1630701.png"" height=""40""></img>",Michael Foster,Forward,19.4,80,"6'11 1/2 """,250,NA,NA,NA,NA,NA,NA,NA,NA,NA,NA,NA,NA,NA,NA,NA,NA,NA,NA,NA,NA,NA,NA,NA,NA,NA,NA,NA,NA,NA,NA,NA,NA
42,"<img src=""https://a.espncdn.com/combiner/i?img=/i/headshots/mens-college-basketball/players/full/4610139.png"" height=""40""></img>",Jeremy Sochan,Forward,19.1,81,"6'11 3/4 """,230,13,22.7,8.8,2.2,1.5,1.3,0.8,2.1,4.4,6.5,2,30,12,18,57.099999999999994,57.199999999999996,18.9,15,16,3.2,4.3,10.4,21.5,16,118,78,0.8,1.1,1.9,4.6,5.5,10.1
43,"<img src=""https://a.espncdn.com/combiner/i?img=/i/headshots/mens-college-basketball/players/full/4702177.png"" height=""40""></img>",Keon Ellis,Wing,22.5,78,NA,175,13,31.8,12.2,2.2,1.5,1.4,0.6,1.8,4.9,6.7,2.1,25,25,33,57.9,62.7,16.2,10.8,13.1,2.4,2,6.1,15.6,11,129.5,99,1.3,0.7,2,6,4.1,10.2
44,"<img src=""https://a.espncdn.com/combiner/i?img=/i/headshots/mens-college-basketball/players/full/4432847.png"" height=""40""></img>",Terrence Shannon,Wing,20.9,78.5,"6'8 1/4 """,206.6,6,26.3,14.3,2.2,2.3,1,0.2,0.7,2.5,3.2,1.5,18,11,17,56.599999999999994,61,26.2,16,16.6,2.2,1,3.1,10.8,7.1,117.4,88,0.5,0.4,1,5.1,3,8.1
45,"<img src=""https://a.espncdn.com/combiner/i?img=/i/headshots/mens-college-basketball/players/full/4432817.png&w=350&h=254"" height=""40""></img>",Johnny Juzang,Wing,21.3,79,"6'10 1/2 """,215,9,30.1,16.6,2.1,2.2,0.6,0.2,0.8,4.1,4.9,1.9,41,18,13,49.6,51.7,29,13.3,12.2,1.1,0.8,2.7,15.9,9,104.7,96.7,0.5,0.5,1,2.6,0.7,3.4
46,"<img src=""https://id-prospects.com/wp-content/uploads/2020/09/pixlr-bg-result-2020-09-17T170835.077-e1600380645386.png"" height=""40""></img>",Tristan Vukcevic,Forward,19.3,82,NA,218,NA,NA,NA,NA,NA,NA,NA,NA,NA,NA,NA,NA,NA,NA,NA,NA,NA,NA,NA,NA,NA,NA,NA,NA,NA,NA,NA,NA,NA,NA,NA,NA
47,"<img src=""https://a.espncdn.com/combiner/i?img=/i/headshots/mens-college-basketball/players/full/4433192.png&w=350&h=254"" height=""40""></img>",Tari Eason,Forward,21.1,80,NA,215,12,23.5,15.8,0.8,1.8,1.7,1.4,2.5,4.9,7.4,2,63,8,40,56.39999999999999,60.6,29.5,7.8,11.8,3.9,8.5,11.6,21.7,16.8,121.1,70.1,1.2,1.2,2.5,8.7,7.1,15.8
48,"<img src=""https://a.espncdn.com/combiner/i?img=/i/headshots/mens-college-basketball/players/full/4432874.png&w=350&h=254"" height=""40""></img>",Allen Flanigan,Wing,21.2,78,NA,215,2,20.5,6.5,1,1.5,1.5,0,1,4,5,1,3,2,1,42.9,40.9,22,8.3,15.9,4.1,0,5.3,20.6,13,82.5,85.2,0,0.1,0.1,1.6,5.1,6.7
49,"<img src=""https://a.espncdn.com/combiner/i?img=/i/headshots/mens-college-basketball/players/full/4897007.png"" height=""40""></img>",Matthew Cleveland,Wing,19.8,79,"6'9""",200,10,22.1,9.6,1.1,1.1,0.7,0.7,1.5,2.9,4.4,1.9,40,1,13,46.6,47.8,24.8,10,9.9,1.8,4.1,7.8,15.1,11.4,102.2,97.2,0.3,0.4,0.7,0.1,0.7,0.7
50,"<img src=""https://a.espncdn.com/combiner/i?img=/i/headshots/mens-college-basketball/players/full/4683751.png&w=350&h=254"" height=""40""></img>",Tyrese Hunter,Lead Guard,18.9,72,NA,178,13,29.7,10,5,2.8,2.1,0.2,0.5,2.9,3.4,2.3,37,9,29,38.5,42.9,24.2,31.5,19.6,4,1,1.9,11.4,6.7,92.2,83,0.1,1.2,1.3,-1.4,4.1,2.7
51,"<img src=""https://a.espncdn.com/i/headshots/mens-college-basketball/players/full/4611413.png"" height=""40""></img>",Caleb Love,Combo Guard,20.7,76,"6'9""",195,12,32.4,15.1,3.7,2.6,1.3,0.2,0.3,3.7,3.9,1.6,37,23,38,51.4,56.3,24.3,20.4,16.2,2.3,0.5,0.9,11.9,6.8,109.7,101.7,0.9,0.5,1.4,2.8,1.3,4.1
52,"<img src=""https://a.espncdn.com/combiner/i?img=/i/headshots/mens-college-basketball/players/full/4683935.png&w=350&h=254"" height=""40""></img>",Blake Wesley,Wing,19.3,77,"6'11""",185,12,25,13.3,2.2,2.2,0.6,0.2,0.8,2.2,2.9,2.2,37,21,23,52.7,54.7,30.9,20.3,15.1,1.4,0.7,3.7,10.4,7.1,103.1,102.6,0.6,0.4,1,2.9,-1.1,1.8
53,"<img src=""https://a.espncdn.com/combiner/i?img=/i/headshots/mens-college-basketball/players/full/4395697.png&w=350&h=254"" height=""40""></img>",Matthew Mayer,Wing,21.7,81,"6'10""",225,12,21.6,9.2,1.3,1,1.5,1,1.1,3.5,4.6,2.3,27,16,8,46.400000000000006,47.3,23.2,9.8,9.4,3.9,5.4,5.7,18.1,12,105.2,77.1,0.4,1,1.4,2.6,5.7,8.3
54,"<img src=""https://a.espncdn.com/combiner/i?img=/i/headshots/mens-college-basketball/players/full/4397537.png"" height=""40""></img>",Taevion Kinsey,Wing,22.3,77,NA,190,14,37.1,19.2,3.9,2.9,0.8,0,2.4,3.1,5.4,1.5,89,8,67,43,48.6,27.7,19.1,12.9,1.1,0,6.2,8.5,7.3,101.8,105.9,0.8,0.5,1.3,-0.4,-3.4,-3.8
55,"<img src=""https://a.espncdn.com/combiner/i?img=/i/headshots/mens-college-basketball/players/full/4433136.png&w=350&h=254"" height=""40""></img>",Walker Kessler,Big,20.9,85,"7'4""",245,13,23.1,10,0.9,1,1.1,4.2,2.2,5.2,7.5,2.1,51,4,16,58.8,58.9,19.6,7.6,10.5,2.6,20.6,10.4,23.9,17.2,120.2,76.7,0.9,1.1,2,5.4,8.5,13.9
56,"<img src=""https://a.espncdn.com/combiner/i?img=/i/headshots/mens-college-basketball/players/full/4701031.png"" height=""40""></img>",Jordan Hall,Lead Guard,20.4,81,NA,215,12,34.3,16.3,6.5,3.7,1.3,0.3,1.2,5.5,6.7,1.9,43,28,26,49.1,51.4,27.7,38.3,18.8,2.2,0.9,3.7,16.7,10.3,103.5,97,0.8,0.7,1.5,4.4,1.7,6.1
57,"<img src=""https://a.espncdn.com/combiner/i?img=/i/headshots/mens-college-basketball/players/full/4600663.png&w=350&h=254"" height=""40""></img>",Zach Edey,Big,20.3,88,NA,295,13,17.5,14.9,1.2,1.8,0.4,1.5,2.8,4.5,7.3,1.7,75,0,44,72.8,73.8,33.8,16.6,15.4,1.3,9.8,20.8,27.3,24.4,135.9,88.4,1.7,0.6,2.3,12.3,4,16.3
58,"<img src=""https://a.espncdn.com/i/headshots/mens-college-basketball/players/full/4691165.png"" height=""40""></img>",Marcus Bagley,Wing,20.7,79.8,"6'11""",216.8,3,22.7,10,1.3,2,0.3,0,1.3,2.7,4,1,5,5,5,48.1,51.2,26.2,13.2,17,0.9,0,6.1,12.7,9.3,95.6,102.3,0.1,0.1,0.1,1.8,-0.4,1.4
59,"<img src=""https://a.espncdn.com/combiner/i?img=/i/headshots/mens-college-basketball/players/full/4431767.png&w=350&h=254"" height=""40""></img>",Christian Braun,Wing,21.2,78,NA,218,12,31.9,17,3,1.8,1.4,1.3,1.6,4.6,6.2,1.9,65,13,35,63.5,66.9,21.9,15.9,12.1,2.5,4.8,6.1,17.6,11.9,133.1,91.8,1.7,0.9,2.6,9.1,4,13.1
60,"<img src=""https://a.espncdn.com/combiner/i?img=/i/headshots/mens-college-basketball/players/full/4431695.png&w=350&h=254"" height=""40""></img>",Drew Timme,Big,21.8,82,"7'0 1/2 """,235,13,26.5,16.7,2.2,2.5,0.2,0.8,1.4,4.5,5.9,1.5,76,2,59,61.7,64.3,28.3,14.8,16.3,0.5,3.1,6.4,16.7,12.1,119.8,89.2,1.4,0.9,2.3,6.1,2.4,8.5
61,"<img src=""https://a.espncdn.com/combiner/i?img=/i/headshots/mens-college-basketball/players/full/4431684.png"" height=""40""></img>",Trayce Jackson-Davis,Big,22.3,81,"7'0""",245,12,31.9,19.3,1.8,1.8,0.7,3.2,2.2,6.3,8.5,1.3,89,0,53,61.8,63.800000000000004,26.3,12.8,10.8,1.2,10.8,8.6,19.8,14.8,125.6,81,1.7,1.3,3,7.3,4.8,12.2
62,"<img src=""https://www.romagnasport.com/public/news/basket/w325/gabriele-procida-2021.png"" height=""40""></img>",Gabriele Procida,Wing,20.1,80,NA,194,NA,NA,NA,NA,NA,NA,NA,NA,NA,NA,NA,NA,NA,NA,NA,NA,NA,NA,NA,NA,NA,NA,NA,NA,NA,NA,NA,NA,NA,NA,NA,NA
63,"<img src=""https://a.espncdn.com/combiner/i?img=/i/headshots/mens-college-basketball/players/full/4702372.png"" height=""40""></img>",Azuolas Tubelis,Big,20.3,83,"6'11""",245,12,25.4,15.3,2.9,2.2,1.1,1,1.8,4.8,6.5,2.3,66,4,39,60,61.8,25.8,19.8,14.9,2.2,4,7.9,17.9,13.4,120.2,82.8,1.2,1,2.1,5.8,5.2,11
64,"<img src=""https://id-prospects.com/wp-content/uploads/2020/09/pixlr-bg-result-53-e1600135264650.png"" height=""40""></img>",Khalifa Diop,Big,20.4,83,"7'3""",231,NA,NA,NA,NA,NA,NA,NA,NA,NA,NA,NA,NA,NA,NA,NA,NA,NA,NA,NA,NA,NA,NA,NA,NA,NA,NA,NA,NA,NA,NA,NA,NA
65,"<img src=""https://en.lkl.lt/media/players/175x200/d83df01748503af2e57a34be936971a1.png"" height=""40""></img>",Ariel Hukporti,Big,20.2,84,"7'2 1/2 """,246,NA,NA,NA,NA,NA,NA,NA,NA,NA,NA,NA,NA,NA,NA,NA,NA,NA,NA,NA,NA,NA,NA,NA,NA,NA,NA,NA,NA,NA,NA,NA,NA
66,"<img src=""https://a.espncdn.com/combiner/i?img=/i/headshots/mens-college-basketball/players/full/4683737.png"" height=""40""></img>",Nolan Hickman,Lead Guard,19.1,74,"6'6""",185,13,20.2,7.2,1.7,0.5,0.5,0.1,0.2,1.8,1.9,0.5,22,14,8,59.699999999999996,61.199999999999996,15.4,12.7,8.4,1.5,0.4,0.9,8.6,5.2,128.4,92.3,0.7,0.6,1.3,3.9,2.6,6.4
67,"<img src=""https://a.espncdn.com/combiner/i?img=/i/headshots/mens-college-basketball/players/full/4592308.png&w=350&h=254"" height=""40""></img>",Hyunjung Lee,Wing,21.7,79.25,NA,210,12,29.9,17.5,2.3,1.6,0.6,0.1,0.8,5.6,6.4,2,39,34,30,63.4,66,26.7,14.5,10.7,1.2,0.4,3.7,21.7,13.3,125.5,97.3,1.6,0.6,2.2,7.7,-0.3,7.4
68,"<img src=""https://a.espncdn.com/combiner/i?img=/i/headshots/mens-college-basketball/players/full/4701845.png&w=350&h=254"" height=""40""></img>",Kadary Richmond,Combo Guard,20.8,78,"6'9""",200,12,23,6.8,3.4,1.6,1.5,0.3,0.4,3.6,4,2.3,28,5,11,46.1,48.199999999999996,18.5,26.7,18.3,3.7,1.4,2,16.8,9.4,101.6,88.3,0.3,0.7,1,-0.2,4.4,4.2
69,"<img src=""https://a.espncdn.com/combiner/i?img=/i/headshots/mens-college-basketball/players/full/4432885.png&w=350&h=254"" height=""40""></img>",Iverson Molinar,Combo Guard,22.6,75,NA,190,13,32.3,16.8,4.5,1.5,0.8,0.5,0.6,2.7,3.3,1.1,56,17,56,50.6,57.4,26.2,28.5,9.5,1.6,1.9,2.4,9.7,6.2,127.3,99.5,2,0.7,2.6,6.8,1.1,7.9
70,"<img src=""https://a.espncdn.com/combiner/i?img=/i/headshots/mens-college-basketball/players/full/4395712.png&w=350&h=254"" height=""40""></img>",Andrew Nembhard,Lead Guard,22.4,77,"6'5 1/2 """,193,13,30.5,8.5,4.5,2.2,1.8,0.2,0.5,2.3,2.8,1.7,29,15,8,49,50.1,16.9,21.8,20.2,3.2,0.7,2.2,7.4,5.1,104.5,88.6,0.5,1,1.6,1.6,3.7,5.3
71,"<img src=""https://a.espncdn.com/combiner/i?img=/i/headshots/mens-college-basketball/players/full/4432239.png&w=350&h=254"" height=""40""></img>",Justin Lewis,Forward,20.2,79.25,"7'1 3/4 """,245,14,31.9,15.2,1.4,1.9,1.1,0.7,1,7,8,2.2,58,17,46,46.400000000000006,51,26.3,9.3,11.4,2,2.2,3.5,22,13.3,97.6,93.9,0.4,0.9,1.4,2,1.4,3.4
72,"<img src=""https://a.espncdn.com/combiner/i?img=/i/headshots/mens-college-basketball/players/full/4433281.png&w=350&h=254"" height=""40""></img>",Hunter Sallis,Combo Guard,19.2,77,"6'8""",175,13,14.8,4.9,0.7,0.9,0.9,0.2,0.8,1.8,2.6,1.4,25,1,11,56.39999999999999,60.199999999999996,16.3,7.1,18.4,3.4,1,6.3,12.2,9.6,112.4,85.7,0.3,0.6,0.9,-0.2,4.4,4.2
73,"<img src=""https://i0.wp.com/thisisbasketball.world/wp-content/uploads/2020/04/Cazalon_Malcolm_Profile-189x198.png"" height=""40""></img>",Malcolm Cazalon,Wing,20.8,77.75,"6'10""",212,NA,NA,NA,NA,NA,NA,NA,NA,NA,NA,NA,NA,NA,NA,NA,NA,NA,NA,NA,NA,NA,NA,NA,NA,NA,NA,NA,NA,NA,NA,NA,NA
74,"<img src=""https://a.espncdn.com/combiner/i?img=/i/headshots/mens-college-basketball/players/full/4687718.png"" height=""40""></img>",Josh Minott,Wing,19.6,80.5,"7'2""",190,12,10.6,5.2,0.5,0.8,0.8,0.6,1.3,1.4,2.7,1.6,23,2,10,66.7,67.2,19.9,9.7,16.3,3.8,6.2,14.1,14,14,124.9,90.9,0.4,0.3,0.7,5.2,4.4,9.6
75,"<img src=""https://a.espncdn.com/combiner/i?img=/i/headshots/mens-college-basketball/players/full/4397132.png&w=350&h=254"" height=""40""></img>",Jahvon Quinerly,Lead Guard,23.6,73,NA,175,13,31.5,14.9,4.3,2.8,1,0.2,0.2,2.9,3.2,1.6,52,20,30,49.4,52,25.1,23.9,16.2,1.7,0.5,0.8,9.3,5.3,106.4,103.9,0.8,0.5,1.3,2.8,1.5,4.3
76,"<img src=""https://a.espncdn.com/combiner/i?img=/i/headshots/mens-college-basketball/players/full/4397101.png"" height=""40""></img>",Will Richardson,Combo Guard,22.8,77,NA,180,14,32.2,13.6,3.6,2,0.9,0,0.8,2.5,3.3,2.1,39,29,26,56.49999999999999,58.599999999999994,22.2,22.1,14.7,1.6,0,3,9.6,6.3,117,103.4,1.3,0.5,1.9,6,-0.2,5.8
77,"<img src=""https://a.espncdn.com/combiner/i?img=/i/headshots/mens-college-basketball/players/full/4397246.png&w=350&h=254"" height=""40""></img>",Trevion Williams,Big,21.8,81.75,NA,255,13,20.7,13.3,3.2,2.1,1.2,0.8,3.1,6,9.1,2.1,70,2,27,61.9,61.9,30.7,31.6,16.2,3.3,4.8,19.6,30.6,25.7,126.4,85.5,1.6,0.8,2.3,9.5,5.3,14.8
78,"<img src=""https://a.espncdn.com/combiner/i?img=/i/headshots/mens-college-basketball/players/full/4432932.png&w=350&h=254"" height=""40""></img>",Max Abmas,Combo Guard,21.2,72,"6'1 3/4 """,161.8,14,34.1,21.2,3.5,2.4,1.1,0.1,0.1,3.1,3.1,1.9,43,57,40,56.599999999999994,59.699999999999996,28.4,19.1,12,1.8,0.2,0.2,9.3,4.8,119.5,97.6,1.9,0.8,2.7,4.3,-1.8,2.5
79,"<img src=""https://a.espncdn.com/combiner/i?img=/i/headshots/mens-college-basketball/players/full/4896481.png"" height=""40""></img>",Alex Fudge,Wing,19.1,78,NA,175,13,16.6,4.8,0.5,1.4,1.5,0.6,1.8,2.7,4.5,1.1,21,2,15,48,51.300000000000004,17.2,5.4,22.7,5.1,5.2,12.2,16.8,14.5,98.2,71.2,0.2,0.9,1.1,0.6,6.9,7.5
80,"<img src=""https://id-prospects.com/wp-content/uploads/2020/09/pixlr-bg-result-56-e1600135920446.png"" height=""40""></img>",Mojave King,Wing,20,77,"6'7 1/2 """,194,NA,NA,NA,NA,NA,NA,NA,NA,NA,NA,NA,NA,NA,NA,NA,NA,NA,NA,NA,NA,NA,NA,NA,NA,NA,NA,NA,NA,NA,NA,NA,NA
81,"<img src=""https://a.espncdn.com/combiner/i?img=/i/headshots/mens-college-basketball/players/full/4432181.png"" height=""40""></img>",Julian Strawther,Wing,20.2,79,"6'8 3/4 """,210,13,25.5,13.2,1,0.8,0.8,0.2,1.8,4.2,6,2,37,25,22,60.6,62.3,21.5,6.5,6.8,1.7,0.6,8.5,16.3,12.8,131.3,88.3,1.3,0.9,2.2,6.8,2,8.8
82,"<img src=""https://a.espncdn.com/combiner/i?img=/i/headshots/mens-college-basketball/players/full/4432550.png&w=350&h=254"" height=""40""></img>",Mike Miles,Lead Guard,19.8,74,NA,195,10,31.2,16.9,4.6,3.3,1.4,0.1,0.2,3.6,3.8,1.8,39,16,43,44.1,50.1,30.4,29.3,16.4,2.6,0.4,0.7,12.7,6.5,105.3,91.1,0.7,0.7,1.4,1.9,1.5,3.4
83,"<img src=""https://a.espncdn.com/combiner/i?img=/i/headshots/mens-college-basketball/players/full/4432680.png"" height=""40""></img>",Brandon Huntley-Hatfield,Forward,18.9,82,NA,246,12,13.9,5.3,0.3,0.7,0.6,0.6,1.3,2.2,3.4,0.8,28,1,4,53.6,54,19.2,3.3,12.1,2.4,5.1,9.5,17.8,13.5,106.8,85.5,0.3,0.5,0.7,0.5,1.9,2.4
84,"<img src=""https://a.espncdn.com/combiner/i?img=/i/headshots/mens-college-basketball/players/full/4432195.png&w=350&h=254"" height=""40""></img>",Andre Curbelo,Lead Guard,20.7,73,"6'3 1/2 """,175,4,22.3,9.3,5.5,4,1,0.3,1.3,3,4.3,2.5,11,2,9,32.6,38,34.7,44.1,24.7,2.6,1.1,6.7,13.7,10.4,87.9,93.2,0,0.2,0.2,0.3,2.2,2.5
85,"<img src=""https://a.espncdn.com/combiner/i?img=/i/headshots/mens-college-basketball/players/full/4702463.png"" height=""40""></img>",Efe Abogidi,Forward,20.7,82,"7'4""",225,13,19.1,7.1,0.5,1.2,0.5,1.8,1.9,3,4.9,1.9,33,1,23,61.6,65.9,16.6,5.6,17.7,1.4,10.6,11.2,17.3,14.2,125.4,88.7,0.8,0.6,1.4,2.6,4.6,7.2
86,"<img src=""https://id-prospects.com/wp-content/uploads/2020/09/pixlr-bg-result-44-e1600107659515.png"" height=""40""></img>",Ibou Badji,Big,19.7,85.25,"7'8 3/4 """,238,NA,NA,NA,NA,NA,NA,NA,NA,NA,NA,NA,NA,NA,NA,NA,NA,NA,NA,NA,NA,NA,NA,NA,NA,NA,NA,NA,NA,NA,NA,NA,NA
87,"<img src=""https://a.espncdn.com/combiner/i?img=/i/headshots/mens-college-basketball/players/full/4431785.png&w=350&h=254"" height=""40""></img>",Scotty Pippen,Combo Guard,20.6,73.75,"6'5 1/2 """,176.2,12,30.8,18.1,2.5,2.7,1.8,0.2,0.8,2.9,3.8,1.8,52,22,47,49.1,53,32.2,20.7,13.5,3.5,0.7,2.9,11.3,6.8,106,89.3,0.9,0.9,1.8,4.6,3.2,7.8
88,"<img src=""https://a.espncdn.com/combiner/i?img=/i/headshots/mens-college-basketball/players/full/4396978.png&w=350&h=254"" height=""40""></img>",Darius Days,Forward,22.7,79,"7'0 1/2 """,245,13,29,14.7,0.8,1.1,1.5,0.2,1.5,6.5,8,1.8,37,32,21,52.800000000000004,54.800000000000004,23.4,5.1,7.4,2.8,1.1,5.8,23.1,14.7,117.2,75.1,1.1,1.5,2.6,5.3,4.6,9.8
89,"<img src=""https://id-prospects.com/wp-content/uploads/2021/01/Guilherme-Carvalho-dos-Santos-Basketball.png"" height=""40""></img>",Guilherme Santos,Forward,20,80,NA,209,NA,NA,NA,NA,NA,NA,NA,NA,NA,NA,NA,NA,NA,NA,NA,NA,NA,NA,NA,NA,NA,NA,NA,NA,NA,NA,NA,NA,NA,NA,NA,NA
90,"<img src=""https://a.espncdn.com/combiner/i?img=/i/headshots/mens-college-basketball/players/full/4431727.png"" height=""40""></img>",Isaiah Wong,Lead Guard,21.4,75,NA,185,14,33.6,16.5,2.1,1.3,0.8,0.4,0.7,3.3,4,1.5,71,17,38,55.50000000000001,57.9,24.3,13,8.3,1.3,1.5,2.7,11.5,7.2,116,109.9,1.4,0.3,1.7,4.5,-1.5,2.9
91,"<img src=""https://www.euroleague.net/rs/b4en74vi58r58qul/c4974b14-d249-46d4-9092-0e470e8d733d/88e/filename/c49.jpg"" height=""40""></img>",Carlos Alocen,Lead Guard,21.5,77,NA,205,NA,NA,NA,NA,NA,NA,NA,NA,NA,NA,NA,NA,NA,NA,NA,NA,NA,NA,NA,NA,NA,NA,NA,NA,NA,NA,NA,NA,NA,NA,NA,NA
92,"<img src=""https://a.espncdn.com/combiner/i?img=/i/headshots/mens-college-basketball/players/full/4432815.png&w=350&h=254"" height=""40""></img>",Isaiah Mobley,Forward,21.7,81.75,"7'3""",238,12,32.3,15,2.8,1.5,0.9,0.8,2.8,6.8,9.6,1.3,49,20,22,54.900000000000006,55.7,23.2,15.4,10,1.7,2.3,9.7,19.8,15.3,119.6,86.4,1.3,1.1,2.4,7.2,3.1,10.4
93,"<img src=""https://id-prospects.com/wp-content/uploads/2020/09/pixlr-bg-result-92-e1600310820622.png"" height=""40""></img>",Matteo Spagnolo,Wing,19.4,77.5,NA,185,NA,NA,NA,NA,NA,NA,NA,NA,NA,NA,NA,NA,NA,NA,NA,NA,NA,NA,NA,NA,NA,NA,NA,NA,NA,NA,NA,NA,NA,NA,NA,NA
94,"<img src=""https://a.espncdn.com/combiner/i?img=/i/headshots/mens-college-basketball/players/full/4432107.png&w=350&h=254"" height=""40""></img>",Marcus Sasser,Combo Guard,21.8,73,NA,190,12,32,17.7,2.6,2.2,2.1,0.1,0.3,2.6,2.8,1.4,24,45,29,57.9,60,26.4,14.7,12.8,3.9,0.4,0.9,9.4,5.1,120,85.9,1.4,1.1,2.5,7.1,4.3,11.4
95,"<img src=""https://a.espncdn.com/combiner/i?img=/i/headshots/mens-college-basketball/players/full/4395631.png&w=350&h=254"" height=""40""></img>",Michael DeVoe,Wing,22.5,77,NA,197,NA,NA,NA,NA,NA,NA,NA,NA,NA,NA,NA,NA,NA,NA,NA,NA,NA,NA,NA,NA,NA,NA,NA,NA,NA,NA,NA,NA,NA,NA,NA,NA
96,"<img src=""https://a.espncdn.com/combiner/i?img=/i/headshots/mens-college-basketball/players/full/4431685.png&w=350&h=254"" height=""40""></img>",Josiah-Jordan James,Wing,21.8,78,NA,214,9,25.9,6.2,1.1,1,2,1.3,1.3,4.2,5.6,2.1,8,11,7,36,38.5,17,6.7,11,4.4,6.3,5.4,18.7,11.8,89,79.9,0,0.8,0.8,0.3,6.9,7.3
97,"<img src=""https://a.espncdn.com/combiner/i?img=/i/headshots/mens-college-basketball/players/full/4395676.png&w=350&h=254"" height=""40""></img>",Buddy Boeheim,Wing,22.6,78,NA,195,13,37.2,19.5,3.5,1.8,1.4,0,0.7,2.7,3.4,1.5,57,30,49,48.6,53.7,26.7,18.8,9.2,2.1,0,2.1,7.8,5,113.2,111.7,1.4,0.2,1.6,4.2,-1.1,3.1
98,"<img src=""https://a.espncdn.com/combiner/i?img=/i/headshots/mens-college-basketball/players/full/4431914.png&w=350&h=254"" height=""40""></img>",Tyler Burton,Forward,22.4,79,NA,215,14,31.7,18.2,0.8,1.4,0.9,0.6,1.5,5.4,6.9,1.4,55,32,49,62.4,65.60000000000001,25.5,5.3,8.9,1.7,2.2,5.6,19.9,12.8,123.3,102,1.7,0.6,2.3,7.2,-0.4,6.8
99,"<img src=""https://a.espncdn.com/combiner/i?img=/i/headshots/mens-college-basketball/players/full/4432828.png"" height=""40""></img>",Kofi Cockburn,Big,22.8,84.25,"7'4""",297.6,9,30.4,21.8,1.1,2.4,0.8,0.9,3.6,8.6,12.1,2,74,0,48,62.2,64.4,30.3,8.4,12.6,1.5,2.8,13.9,28.5,21.7,126.3,88.2,1.4,0.7,2.1,7.6,0.9,8.4
100,"<img src=""https://a.espncdn.com/combiner/i?img=/i/headshots/mens-college-basketball/players/full/4397251.png"" height=""40""></img>",Ron Harper,Wing,23.2,78,NA,245,12,32.4,14.9,2.1,1.8,1.5,0.5,1.7,5.8,7.4,1.3,36,23,38,50.4,54.2,24.3,13.5,11.3,2.7,1.9,5.5,19.9,12.5,109.3,94.1,0.9,0.8,1.7,4.4,1.8,6.2
101,"<img src=""https://a.espncdn.com/combiner/i?img=/i/headshots/mens-college-basketball/players/full/4278585.png"" height=""40""></img>",Collin Gillespie,Lead Guard,23,75,NA,190,13,34.1,16.5,3.2,1.5,1.5,0,0.6,2.7,3.3,1.8,28,42,32,57.99999999999999,61.3,23.2,20.6,9.8,2.6,0,2.1,9.3,5.6,126.9,99.1,1.8,0.7,2.5,7.4,3.2,10.6
102,"<img src=""https://eurospects.com/wp-content/uploads/2018/10/zugic.jpg"" height=""40""></img>",Fedor Zugic,Wing,18.8,77.75,NA,187,NA,NA,NA,NA,NA,NA,NA,NA,NA,NA,NA,NA,NA,NA,NA,NA,NA,NA,NA,NA,NA,NA,NA,NA,NA,NA,NA,NA,NA,NA,NA,NA
103,"<img src=""https://a.espncdn.com/combiner/i?img=/i/headshots/mens-college-basketball/players/full/4896850.png"" height=""40""></img>",Taran Armstrong,Lead Guard,20.4,77,NA,185,12,31.4,10.8,7.5,3,0.8,0.3,0.9,5.6,6.5,1.8,41,8,23,49.1,52.2,21.2,41.6,22.5,1.4,0.9,3.5,18.3,11.4,106.9,90.1,0.8,0.9,1.7,2.1,0.6,2.7
104,"<img src=""NA"" height=""40""></img>",Luke Travers,Forward,20.8,80,NA,208,NA,NA,NA,NA,NA,NA,NA,NA,NA,NA,NA,NA,NA,NA,NA,NA,NA,NA,NA,NA,NA,NA,NA,NA,NA,NA,NA,NA,NA,NA,NA,NA
105,"<img src=""https://a.espncdn.com/combiner/i?img=/i/headshots/mens-college-basketball/players/full/4432183.png"" height=""40""></img>",Makur Maker,Big,21.6,83.25,"7'1 3/4 """,232.2,NA,NA,NA,NA,NA,NA,NA,NA,NA,NA,NA,NA,NA,NA,NA,NA,NA,NA,NA,NA,NA,NA,NA,NA,NA,NA,NA,NA,NA,NA,NA,NA
106,"<img src=""https://id-prospects.com/wp-content/uploads/2020/09/pixlr-bg-result-18.png"" height=""40""></img>",Mario Nakic,Wing,21,79.8,NA,218,NA,NA,NA,NA,NA,NA,NA,NA,NA,NA,NA,NA,NA,NA,NA,NA,NA,NA,NA,NA,NA,NA,NA,NA,NA,NA,NA,NA,NA,NA,NA,NA
107,"<img src=""NA"" height=""40""></img>",Boogie Ellis,Lead Guard,21.5,75,NA,180,12,30.4,11.8,3.1,1.7,1,0.1,0.4,3.6,4,2.3,37,16,19,52.1,54.300000000000004,20.6,16.9,13.3,1.9,0.3,1.6,11,6.8,110.5,91.7,0.7,0.8,1.6,0.7,2.7,3.4
108,"<img src=""https://a.espncdn.com/combiner/i?img=/i/headshots/mens-college-basketball/players/full/4432250.png"" height=""40""></img>",Justin Powell,Combo Guard,21.1,78,NA,195,11,18.5,7.1,0.9,0.5,0.5,0.2,0.6,1.5,2.1,0.5,13,15,7,62.3,62.7,16,8.4,7.4,1.4,1.2,3.6,9,6.2,128,93.3,0.6,0.4,1,5.1,2.5,7.5
109,"<img src=""https://a.espncdn.com/combiner/i?img=/i/headshots/mens-college-basketball/players/full/4592491.png&w=350&h=254"" height=""40""></img>",Justin Moore,Wing,22.2,75.8,"6'8""",210,13,33.8,14.8,2.3,1.6,1.3,0.1,0.8,4,4.8,2.4,44,28,20,49.7,51.300000000000004,25.1,15,10.1,2.4,0.3,2.9,13.9,8.3,107.1,97.7,0.9,0.8,1.7,3.2,2.5,5.7
110,"<img src=""https://a.espncdn.com/combiner/i?img=/i/headshots/mens-college-basketball/players/full/4432887.png"" height=""40""></img>",Tyson Etienne,Lead Guard,22.8,74,NA,200,12,33.4,14.9,2.2,2,1.3,0.1,0.6,1.8,2.4,2.4,28,30,33,43.7,47.599999999999994,26.3,14.9,11.3,2.1,0.3,1.9,6.5,4.1,98.7,96.2,0.4,0.8,1.2,0.5,0.9,1.4
111,"<img src=""NA"" height=""40""></img>",Jalen Wilson,Forward,21.6,80,NA,225,9,19.4,5.9,1.3,0.9,0.7,0.1,1,4.9,5.9,1.2,20,2,7,40.400000000000006,40.699999999999996,20.2,10.3,10.9,1.9,0.7,6.3,30.8,18.6,93.7,91.6,0.1,0.4,0.5,-0.1,1.3,1.3
112,"<img src=""NA"" height=""40""></img>",Earl Timberlake,Wing,21.6,78,"6'9 3/4 """,220,11,19.3,6.3,2.5,1.8,0.6,0.5,0.8,2.9,3.7,2.7,25,0,19,47.199999999999996,52,18.6,22.5,23.2,1.8,3.2,5.1,15.8,10.8,102.1,95.9,0.2,0.4,0.7,-0.1,2.7,2.6
113,"<img src=""NA"" height=""40""></img>",Colby Jones,Wing,20.1,78,"6'8 1/2 """,207,12,29.8,11.5,2.6,2,1.5,0.6,3,5.2,8.2,1.8,38,9,35,56.00000000000001,59.9,18.9,16.6,17.2,2.8,2,11.6,18.1,15,119.9,86.8,1,1,2.1,5,4,9
114,"<img src=""NA"" height=""40""></img>",Abramo Canka,Wing,20.3,78,NA,181,NA,NA,NA,NA,NA,NA,NA,NA,NA,NA,NA,NA,NA,NA,NA,NA,NA,NA,NA,NA,NA,NA,NA,NA,NA,NA,NA,NA,NA,NA,NA,NA
115,"<img src=""NA"" height=""40""></img>",Orlando Robinson,Big,22,83.25,"7'3 1/2 """,239.6,14,31.6,18.7,2.6,2.4,1.1,1.6,2.9,5.1,8,2,80,14,60,55.50000000000001,60.3,31.2,21.3,13.2,2.3,7,11.3,20.7,15.9,120.4,84.8,2.1,1.3,3.4,10,4.2,14.2
116,"<img src=""NA"" height=""40""></img>",Nikita Mikhailovskii,Wing,21.8,79,NA,196,NA,NA,NA,NA,NA,NA,NA,NA,NA,NA,NA,NA,NA,NA,NA,NA,NA,NA,NA,NA,NA,NA,NA,NA,NA,NA,NA,NA,NA,NA,NA,NA
117,"<img src=""NA"" height=""40""></img>",Adam Flagler,Combo Guard,22.6,75,NA,180,12,26.8,10.7,3.9,1.5,1.3,0.1,0.8,1.7,2.4,0.8,26,21,13,50.9,53.1,20.3,22.5,13,2.6,0.4,3.2,6.9,5.1,117.1,87.2,0.9,0.9,1.8,5,3.4,8.3
118,"<img src=""NA"" height=""40""></img>",Oscar Tshiebwe,Big,22.6,80.75,"7'4 1/4 """,258,13,28.1,15.8,1,1.8,1.3,1.5,5.7,9.5,15.2,2.5,83,0,39,62.9,65.4,23,6,12.8,2.6,5.5,23.5,35.4,29.8,134.9,75.9,1.9,1.4,3.3,9,3.8,12.8
119,"<img src=""NA"" height=""40""></img>",Yoan Makoundou,Forward,21.9,81,NA,225,NA,NA,NA,NA,NA,NA,NA,NA,NA,NA,NA,NA,NA,NA,NA,NA,NA,NA,NA,NA,NA,NA,NA,NA,NA,NA,NA,NA,NA,NA,NA,NA
120,"<img src=""NA"" height=""40""></img>",Kobe Bufkin,Combo Guard,18.8,76,NA,175,9,10.8,4.8,0.2,0.6,0.6,0.2,0.3,1.6,1.9,0.7,10,4,11,53.300000000000004,58.699999999999996,21.7,3.8,12,3,2.1,3.8,15.3,9.9,114.9,93.7,0.2,0.2,0.4,2.5,4,6.5
121,"<img src=""NA"" height=""40""></img>",Dawson Garcia,Forward,20.8,82.5,"6'10 3/4 """,224.6,12,22.8,10.8,0.9,1.6,0.4,0.3,2.2,3.6,5.8,2.2,32,11,33,51.1,56.49999999999999,24.1,7.3,14.2,1,1.1,11.4,16.5,14.1,113.7,102.6,0.8,0.3,1.1,3.1,-0.2,2.9
122,"<img src=""NA"" height=""40""></img>",Paul Scruggs,Combo Guard,24.3,76,"6'10 1/2 """,196,13,29.6,10.4,4.2,3.2,1.5,0.6,0.8,3.7,4.5,2.3,34,14,25,44,47.8,23,26.5,22.5,2.8,2.2,3,13,8.3,94,88.8,0.2,1,1.2,0.4,3.5,3.9
123,"<img src=""NA"" height=""40""></img>",Jordan Hawkins,Wing,20.2,77,NA,170,11,16.7,6.5,0.6,1,0.6,0.3,0.6,1.7,2.4,1.2,13,10,16,43.1,48,22.5,7,12.8,2.2,1.7,4.1,11.1,7.6,99.4,89.5,0.2,0.5,0.6,-0.1,1.5,1.4
124,"<img src=""NA"" height=""40""></img>",Donta Scott,Forward,21.5,80,NA,230,12,32,11.3,1.2,1.8,0.7,1,1.7,5.7,7.3,1.6,36,14,22,44.9,48.5,21.1,7.7,13.6,1.2,3.4,5.8,18.6,12.4,96.8,95.5,0.3,0.7,1,1,1,1.9
125,"<img src=""NA"" height=""40""></img>",Tom Digbeu,Combo Guard,20.7,78,NA,190,NA,NA,NA,NA,NA,NA,NA,NA,NA,NA,NA,NA,NA,NA,NA,NA,NA,NA,NA,NA,NA,NA,NA,NA,NA,NA,NA,NA,NA,NA,NA,NA
126,"<img src=""NA"" height=""40""></img>",Kenneth Lofton,Big,19.9,79,NA,275,13,25.2,17.5,1.7,2.2,0.9,1,3.9,6,9.9,2.5,87,1,51,59,61.1,32.1,15,13.5,2,4.3,17.4,24.9,21.3,120.5,91.1,1.6,0.8,2.4,8.4,0.4,8.8
127,"<img src=""NA"" height=""40""></img>",Dalen Terry,Combo Guard,19.9,79,"7'0 3/4 """,195,12,24.1,6.3,3.8,0.9,1.2,0.6,1.2,2.9,4.1,2.3,26,5,8,48.6,50.8,13.3,22.7,13,2.6,2.5,5.6,11.6,8.9,121.7,85.9,0.7,0.8,1.5,2.6,5.9,8.6
128,"<img src=""NA"" height=""40""></img>",Zsombor Maronka,Forward,19.8,82,NA,196,NA,NA,NA,NA,NA,NA,NA,NA,NA,NA,NA,NA,NA,NA,NA,NA,NA,NA,NA,NA,NA,NA,NA,NA,NA,NA,NA,NA,NA,NA,NA,NA
129,"<img src=""NA"" height=""40""></img>",Davonte Davis,Combo Guard,20.7,76,"6'8""",180,13,30.2,10.7,4,2,1.2,0,1.1,3.5,4.5,2.8,47,9,18,51.300000000000004,52.900000000000006,18.9,23,16.5,2.2,0,4,13.4,8.6,107.7,100.1,0.7,0.6,1.3,0.7,1.3,2.1
130,"<img src=""NA"" height=""40""></img>",Moussa Cisse,Big,19.8,83.75,"7'4 1/2 """,214.6,10,16.4,5.8,0.6,1.5,0.4,2,2.1,3.6,5.7,2.1,23,0,12,50,50.9,20.6,6.9,20.9,1.3,14,14.5,23.5,19.1,97,84.2,0.1,0.5,0.6,-1.6,3.4,1.9
131,"<img src=""NA"" height=""40""></img>",Hunter Dickinson,Big,21.6,85,"7'3 3/4 """,257.6,12,30.3,15.3,1.9,2,0.6,1.1,2.8,6.2,9,2.5,76,5,17,60.5,61.199999999999996,24.3,13.8,13.8,1.1,3.7,11.4,21.6,16.8,119.3,94.4,1.3,0.7,2,6,2.4,8.3
132,"<img src=""NA"" height=""40""></img>",Pavel Savkov,Wing,20.2,79,NA,190,NA,NA,NA,NA,NA,NA,NA,NA,NA,NA,NA,NA,NA,NA,NA,NA,NA,NA,NA,NA,NA,NA,NA,NA,NA,NA,NA,NA,NA,NA,NA,NA
133,"<img src=""NA"" height=""40""></img>",Andre Jackson,Wing,20.6,78,NA,205,13,27.6,7.2,2.6,2.1,1.4,0.8,1.5,6.5,8,1.8,25,7,22,54.6,59,14.2,16.3,25.5,2.8,3.2,5.7,25.5,15.6,108,81.4,0.5,1.2,1.7,2.5,5.4,8
134,"<img src=""NA"" height=""40""></img>",Marcus Carr,Lead Guard,23,74,"6'6 3/4 """,197.6,13,27.8,9.5,3.2,1.8,1.2,0,0.1,1.7,1.8,2.2,30,15,18,47.699999999999996,50.7,21.5,21.2,16.5,2.6,0,0.4,7.6,4,102.4,85.9,0.5,1.1,1.5,-0.8,2.3,1.5
135,"<img src=""NA"" height=""40""></img>",Ruben Dominguez,Wing,19.4,78,NA,187,NA,NA,NA,NA,NA,NA,NA,NA,NA,NA,NA,NA,NA,NA,NA,NA,NA,NA,NA,NA,NA,NA,NA,NA,NA,NA,NA,NA,NA,NA,NA,NA
136,"<img src=""NA"" height=""40""></img>",Jaden Shackelford,Combo Guard,21.4,75,NA,200,13,33.4,16.5,1.3,2.2,0.6,0.3,1.3,5.1,6.4,1.8,34,43,17,54.400000000000006,55.300000000000004,23.6,6.9,12.6,1,0.9,4.3,15.3,10.1,109.9,102.8,0.9,0.5,1.5,4.7,1,5.6
137,"<img src=""NA"" height=""40""></img>",Fanbo Zeng,Forward,19.4,83,NA,199,NA,NA,NA,NA,NA,NA,NA,NA,NA,NA,NA,NA,NA,NA,NA,NA,NA,NA,NA,NA,NA,NA,NA,NA,NA,NA,NA,NA,NA,NA,NA,NA
138,"<img src=""NA"" height=""40""></img>",Osun Osunniyi,Big,21.7,82,"7'8""",190,11,28.2,10,1.5,1.5,0.5,3,2.5,4.2,6.6,2.1,53,0,4,63.1,61.6,17.6,10.6,15.2,0.9,13.5,10.2,16.7,13.5,116.5,97.3,0.7,0.5,1.3,3,2.6,5.5
139,"<img src=""NA"" height=""40""></img>",Kok Yat,Wing,19,80,NA,186,NA,NA,NA,NA,NA,NA,NA,NA,NA,NA,NA,NA,NA,NA,NA,NA,NA,NA,NA,NA,NA,NA,NA,NA,NA,NA,NA,NA,NA,NA,NA,NA
140,"<img src=""NA"" height=""40""></img>",Dominick Barlow,Forward,19.1,81,NA,214,NA,NA,NA,NA,NA,NA,NA,NA,NA,NA,NA,NA,NA,NA,NA,NA,NA,NA,NA,NA,NA,NA,NA,NA,NA,NA,NA,NA,NA,NA,NA,NA
141,"<img src=""NA"" height=""40""></img>",Jonathan Tchamwa Tchatchoua,Big,23.2,82,NA,230,13,20.9,8.6,1,1.2,0.5,0.2,2.5,5.5,8,2.2,43,4,14,67.10000000000001,68.30000000000001,16.9,7.6,16.3,1.2,0.9,13.4,29.5,21.5,129.3,81.4,0.9,0.9,1.8,4.8,2.8,7.6
142,"<img src=""NA"" height=""40""></img>",DeVante Jones,Combo Guard,24.2,73,"6'6""",202,12,26.9,8.2,4,1.9,0.8,0.1,1.3,3.5,4.8,2.8,26,11,13,55.2,56.3,17.2,26.2,20.9,1.8,0.3,5.7,13.7,10,113.1,98,0.7,0.6,1.2,2.4,2.5,4.9
143,"<img src=""NA"" height=""40""></img>",Charles Bediako,Big,20.3,84,NA,225,13,19.1,6.8,0.8,0.9,0.9,1.8,1.8,2.6,4.4,3.2,37,0,15,69.8,66.2,14.8,6.8,15.1,2.6,9.9,10.2,13.8,12.1,126.5,94.3,0.7,0.5,1.2,2.6,6.3,8.9
144,"<img src=""NA"" height=""40""></img>",Dereon Seabron,Wing,22.1,79,NA,180,14,36.6,19.6,3.3,2.9,1.6,0,3.3,6.5,9.8,1.7,99,4,64,55.300000000000004,58.599999999999994,26.3,20.3,14.6,2.6,0,9.3,20.4,14.5,117.7,104.1,1.9,0.6,2.5,6.5,0.1,6.6
145,"<img src=""NA"" height=""40""></img>",Samuell Williamson,Wing,21.8,79,NA,210,12,17.7,6.1,0.5,1.5,0.4,0.2,1.3,3.7,4.9,1.6,29,1,12,43.6,45.4,22.7,5.9,18.3,1.3,1.1,7.5,21.5,14.6,85.9,92.6,-0.1,0.5,0.4,-3.4,1.4,-2
146,"<img src=""NA"" height=""40""></img>",Landers Nolley,Wing,22.3,79,NA,220,12,23.7,9.4,2.8,1.7,0.8,0.3,0.9,2.9,3.8,1.6,19,17,24,44.1,48.6,22,20.9,14.7,1.7,1.2,4.6,12.9,9,107.2,98.7,0.5,0.5,1,2.2,0.7,2.9
147,"<img src=""NA"" height=""40""></img>",Nate Laszewski,Forward,22.9,82,NA,227,12,28.1,7.6,0.7,1.2,0.5,0.9,1.3,5.8,7.2,2.9,17,18,3,56.39999999999999,57.3,14.9,4.6,15,1.1,3.6,5.9,24.9,15.5,107,96.8,0.4,0.6,1,-0.4,0.4,0.1
148,"<img src=""NA"" height=""40""></img>",David Roddy,Forward,21.2,77,NA,252,10,29.6,20.5,2.4,2,1.1,1.3,1.3,6.4,7.7,1.9,61,15,38,64.7,67.10000000000001,31,16.2,11.6,2.1,5.2,6.3,23.6,16.1,126.2,92.3,1.6,0.7,2.2,8.8,2.4,11.3
149,"<img src=""NA"" height=""40""></img>",D.J. Jeffries,Wing,22.5,79,NA,218,13,27.6,10.8,1.8,1.7,0.4,0.8,1.4,3.8,5.2,0.8,36,16,21,50.4,53.1,22.5,13,14.2,0.8,4.1,6.4,15.9,11.3,109.2,97.8,0.7,0.6,1.4,2.3,0.2,2.5
150,"<img src=""NA"" height=""40""></img>",Jamaree Bouyea,Lead Guard,23,74,"6'7""",180,14,34.7,17.8,3.7,2.8,1.6,1.1,0.6,4.4,5,1.4,54,38,27,61.7,63.5,24.2,21.7,16.6,2.6,3.1,2.1,13.5,8.2,120.7,90.5,1.8,1.2,3,6.3,3.4,9.6
